element,id,geometry,addr:city,addr:street,amenity,emergency,healthcare,healthcare:speciality,name,addr:district,addr:full,addr:postcode,addr:state,source,addr:housenumber,operator,phone,website,wheelchair,name:en,fax,addr:landmark,contact:phone,description,email,operator:type,locality,start_date,wikidata,wikipedia,building,type
node,441046459,POINT (76.7762212 30.7611013),Chandigarh,Madhya Marg,hospital,yes,hospital,emergency,PGI Emergency,,,,,,,,,,,,,,,,,,,,,,,
node,1041037638,POINT (76.7689883 30.7245237),,,hospital,,hospital,,"KD Cosmetic Surgery Centre,Sector 34-A",,,,,,,,,,,,,,,,,,,,,,,
node,1832737201,POINT (76.7749653 30.7614305),Chandigarh,Madhya Marg,hospital,,hospital,,PGI Chandigarh,Chandigarh,Sector-12,160012,Chandigarh,OpenGovernmentData,,,,,,,,,,,,,,,,,,
node,2210744197,POINT (76.7264111 30.7451963),,,police,,,,"Police Station, Sector 39",,,,,,,,,,,,,,,,,,,,,,,
node,2457764868,POINT (76.798432 30.6775899),,,hospital,,,,Dispesary,,,,,,,,,,,,,,,,,,,,,,,
node,3404982354,POINT (76.7489881 30.7478631),Chandigarh,"Site 846, Sector 38",hospital,yes,,,Santokh Hospital,Chandigarh,# 846 Sector 38-A,160014,Chandigarh,OpenGovernmentData,846,Dr KS santokh,+918558866846,https://www.santokhhospital.com/,yes,,,,,,,,,,,,,
node,4355006891,POINT (76.7740258 30.7491743),,,hospital,,hospital,,Dharam Hospital,Chandigarh,"H.No. 2040, Sector 15-C",160015,Chandigarh,OpenGovernmentData,,,,,,,,,,,,,,,,,,
node,4368256599,POINT (76.7162063 30.7394399),,,police,,,,Police Station Palsora,,,,,,,,,,,Police Station Palsora,,,,,,,,,,,,
node,4631274982,POINT (76.765978 30.747535),,,hospital,,hospital,,Bharat Vikas Parishad Charitable Medical Centre,,,,,,,,,,,,,,,,,,,,,,,
node,4701474502,POINT (76.7702748 30.7122719),,33 sector,hospital,,hospital,,Land Mark Hospital(Langol View Charitable Clinic and Maternity Home),Chandigarh,"Site No: 1 & 2, Sec-33-C,Near Terrced Garden",160020,Chandigarh,OpenGovernmentData,,,,,,Landmark Hospital,,,,,,,,,,,,
node,4948021823,POINT (76.7800519 30.7639495),,,hospital,,hospital,ophthalmology,Advance Eye Center,,,,,,,,,,,Advance Eye Center,,,,,,,,,,,,
node,6612985317,POINT (76.7714736 30.7329698),,,hospital,,hospital,,Government Pet Hospital,,,,,,,,,,,,,,,,,,,,,,,
node,6907693413,POINT (76.7843183 30.7583074),,,hospital,,hospital,,Rameshwara Hospital,Chandigarh,"# 11, Sector-11A, Chandigarh",160011,Chandigarh,OpenGovernmentData,,,,,,,2744397,,,,,,,,,,,
node,6908065242,POINT (76.7898551 30.7287476),,,hospital,,hospital,,Oxford Heart and Multispeciality Hospital,Chandigarh,"3314, Near Gurudwara Sahib, Sec-19-D",160019,Chandigarh,OpenGovernmentData,,,,,,,,,,,,,,,,,,
node,6908065247,POINT (76.7703393 30.7228358),,,hospital,,hospital,,Mukat Hospital and Heart Institute,Chandigarh,"Sco No.47 - 49,Sector - 34A, Chandigarh",160022,Chandigarh,OpenGovernmentData,,,,,,,2660689,,,,,,,,,,,
node,6908065252,POINT (76.7669463 30.7218259),,,hospital,,hospital,,Nins Brain and Spine Hospital,Chandigarh,"Sco-341-42, Sector-34A, Chandigarh",160022,Chandigarh,OpenGovernmentData,,,,,,,,,,,,,,,,,,
node,6908065257,POINT (76.7578912 30.719376),,,hospital,,hospital,,Ashwini Maternity Hospital,Puducherry,"No-90,Vazhuthavur Main Road,V.V.P Nagar",605009,Puducherry,OpenGovernmentData,,,,,,,,,,,,,,,,,,
node,6908065262,POINT (76.7656857 30.723938),,,hospital,,hospital,,Inscol Tertiary Care Hospital,Chandigarh,"Sector: 34/A, Chandigarh",160022,Chandigarh,OpenGovernmentData,,,,,,,,,,,,,,,,,,
node,6908065267,POINT (76.7483211 30.7635999),,,hospital,,,,Deep Hospital,Chandigarh,"3026, Sec-21 D",160036,Chandigarh,OpenGovernmentData,,,,,,,,,,,,,,,,,,
node,6908065272,POINT (76.7716616 30.7324319),,Sector -22,hospital,,hospital,,Civil Hospital-Sector 22,Chandigarh,"CHC, Sector - 22",160022,Chandigarh,OpenGovernmentData,,,,,,,,Opposite Nehru Park,1722773711,Civil Hospital,,,,,,,,
node,6908065278,POINT (76.7541911 30.7107483),,,hospital,,hospital,Obstetrics;Gynaecology,Chaitanya Hospital,Chandigarh,"Site No.1 and 2, Sector 44-C",160047,Chandigarh,OpenGovernmentData,,,,https://www.chaitanyahospital.org/,,,,,9988808880,,info@chaitanyahospital.org,private,,,,,,
node,6908065283,POINT (76.7909159 30.7420224),,,hospital,,hospital,,Grewal Eye Institute,Chandigarh,"S C O 166-167-168-169, Madhya Marg, Sector-9-C",160009,Chandigarh,OpenGovernmentData,,,,,,,,,,,,,,,,,,
node,6908090589,POINT (76.8424183 30.7128525),,Old Ropar Road,hospital,,hospital,,"Civil hospital, Manimajra",Chandigarh,Civil Hospital Manimajra,160101,Chandigarh,OpenGovernmentData,,,,,,,,Near Fun Republic Manimajra,1722751004,civil hospital,,,Near Motor Market,,,,,
node,6908100816,POINT (76.7594992 30.7279522),,,hospital,,,,Abhilasha Hospital,Chandigarh,"Koti No. 201, Sector 35 - A",160015,Chandigarh,OpenGovernmentData,,,,,,,,,,,,,,,,,,
node,6908111123,POINT (76.832989 30.7174644),,,hospital,,hospital,,Arya Hospital,Chandigarh,"801, Mani Majra",160101,Chandigarh,OpenGovernmentData,,,,,,,,,,,,,,,,,,
node,6908111137,POINT (76.7671408 30.6999404),,,hospital,,,,Dabur Dhanwantry Hospital,Chandigarh,"150, Sector 40B",160047,Chandigarh,OpenGovernmentData,,,,,,,,,,,,,,,,,,
node,6908111148,POINT (76.7777958 30.716308),,,hospital,,hospital,,Arthoscopy and Spinal Endoscopy Centre,Chandigarh,"S.C.O. 66, Sector-20 C, Tribune Road",160020,Chandigarh,OpenGovernmentData,,,,,,,,,,,,,,,,,,
node,6908111153,POINT (76.7686281 30.7198176),,,hospital,,hospital,,Virdi Eye Hospital(Virk Hospital),Chandigarh,"Sco No. 226-227,Sector-34-A",160022,Chandigarh,OpenGovernmentData,,,,,,,,,,,,,,,,,,
node,6908111159,POINT (76.7604969 30.7237708),,,hospital,,,,Mangnum Hospital,Chandigarh,"#2103, Sector, 35-C, Chandigarh",160022,Chandigarh,OpenGovernmentData,,,,,,,2661789,,,,,,,,,,,
node,6908111164,POINT (76.7603199 30.7301782),,,hospital,,,,Grover Eye Laser and E.N.T Hospital,Chandigarh,"# 140, Sector-35-A, Near Kisan Bhavan",160022,Chandigarh,OpenGovernmentData,,,,,,,,,,,,,,,,,,
node,6908111174,POINT (76.7693818 30.7176996),,,hospital,,hospital,,Bedi Hospital,Chandigarh,"182, 33A, Sector 33, A, Chandigarh",160020,Chandigarh,OpenGovernmentData,,,,,,,,,,,,,,,,,,
node,6908111185,POINT (76.7762778 30.7643681),,Sector-12,hospital,,hospital,,Postgraduate Institute of Medical Education and Research (PGIMER),Chandigarh,"Postgraduate Institute of Medical Education andResearch, Sector-12",160012,Chandigarh,OpenGovernmentData,,,,https://pgimer.edu.in/,,,,Opposite Panjab Universty,0172-2755220,Medical Colleges Hospital,,government,,,,,,
node,6908111195,POINT (76.7525804 30.734221),,,hospital,,,,Neeraj Eye Hospital,Chandigarh,"S.C.O. 166, Sector-37-C, First Floor, Chandigarh",160036,Chandigarh,OpenGovernmentData,,,,,,,,,,,,,,,,,,
node,6908111200,POINT (76.7620003 30.7029628),,,hospital,,,,Kapoor's Kidney and Urostone Centre Pvt.Ltd.,Chandigarh,"Site No.2,Sec-46D, Chandigarh",160047,Chandigarh,OpenGovernmentData,,,,,,,,,,,,,,,,,,
node,6908111214,POINT (76.7669718 30.7216968),,,hospital,,hospital,,Omni Hospital,Chandigarh,"Sco- 343 - 345, Sector 34- A, Opposite Gurudwara Sector 34",160022,Chandigarh,OpenGovernmentData,,,,,,,,,,,,,,,,,,
node,6908111219,POINT (76.8429682 30.7104462),,,hospital,,hospital,,Tricity Hospital Pvt. Ltd.,Chandigarh,"Sco - 831, Nac, Manimajra",160101,Chandigarh,OpenGovernmentData,,,,,,,,,,,,,,,,,,
node,7003235215,POINT (76.8389341 30.7158261),,,hospital,,hospital,,Happy Family Maternitys Children Hospital Pvt Ltd,Panchkula,"Nursing Home Site No.-1,Adjoining Gh-34, Sector-5, (Mansadevi Complex)",134109,Haryana,OpenGovernmentData,,,,,,,,,,,,,,,,,,
node,7053641550,POINT (76.7447786 30.722908),,,hospital,,,,"Kaushal Hospital, Chandigarh",S.A.S Nagar,"SCO-49,Sector 42-C,Near Chandigarh",160022,Punjab,OpenGovernmentData,,,,,,,,,,,,,,,,,,
node,7111403693,POINT (76.8122966 30.7232383),,Sector 26,hospital,,hospital,,Police Hospital,Chandigarh,,160019,Chandigarh,OpenGovernmentData,,,,,,,,Behind Sabji Mandi,,,,,,,,,,
node,7111403701,POINT (76.787964 30.696743),,Ramdarbar,hospital,,hospital,,ESIC Hospital Ramdarbar,Chandigarh,,160002,Chandigarh,OpenGovernmentData,,,,,,,,,,General Hospital,,,Industrial Area,,,,,
node,7111403705,POINT (76.807281 30.677988),,Industrial Area Phase II,hospital,,,,Composite Hospital I.T.B.P,Chandigarh,,160003,Chandigarh,OpenGovernmentData,,,,,,,,Airport Chowk,1722655752,,,,,,,,,
node,7473206523,POINT (76.7875764 30.7001359),,,hospital,,hospital,,Cloudnine Hospital,Chandigarh,"48, Phase-2, Industrial Area Phase I, Chandigarh,",160002,Chandigarh,Local Knowledge,,,,,,,,,,,,,,,,,,
node,7473206527,POINT (76.732464 30.724507),,,hospital,,hospital,,Babe Ke Hospital And IMT,Chandigarh,"Plot No.6, Phase 3 A, Sector 53, Chandigarh",160059,Chandigarh,Local Knowledge,,,,,,,,,,,,,,,,,,
node,7473206529,POINT (76.7356685 30.7421389),,,hospital,,hospital,,Nirmal Dr. Bhasin Jannee Fertility Centre,Chandigarh,"Sector 40A, Ground Floor, Chandigarh",160036,Chandigarh,Local Knowledge,,,,,,,,,,,,,,,,,,
node,7473206532,POINT (76.7694571 30.7276054),,,hospital,,hospital,,Dr. Ashok Sharma's Cornea Centre,Chandigarh,"SCO 2463-2464, 2nd Floor, JW Marriott Hotel Aroma Lane, 22C, Chandigarh",160022,Chandigarh,Local Knowledge,,,,,,,,,,,,,,,,,,
node,7473206533,POINT (76.7774089 30.7127888),,,hospital,,hospital,,Dr. Chandan Trikha Homeopathic Hospital,Chandigarh,"473, 32A, Sector 32, Chandigarh",160047,Chandigarh,Local Knowledge,,,,,,,,,,,,,,,,,,
node,7473206534,POINT (76.7725 30.7314168),,,hospital,,hospital,,,Chandigarh,"2413 c, sco, Sector 22, Chandigarh",160022,Chandigarh,Local Knowledge,,,,,,,,,,,,,,,,,,
node,7473206535,POINT (76.752325 30.7266382),,,hospital,,,,Pandhi Hospital,Chandigarh,"1151, 36 C, Near Park, Sector 36, Chandigarh",160036,Chandigarh,Local Knowledge,,,,,,,,,,,,,,,,,,
node,7473206543,POINT (76.800628 30.735249),,,hospital,,hospital,,Dr. Priyanka Sharma Gynaecologist,Chandigarh,"1550, Sector 7-C, Chandigarh",160019,Chandigarh,Local Knowledge,,,,,,,,,,,,,,,,,,
node,7473206547,POINT (76.7942557 30.7417091),,,hospital,,hospital,,Chd City Hospital,Chandigarh,"SCO 10, 11, Madhya Marg, Sector 8C, Sector 9, Chandigarh",160009,Chandigarh,Local Knowledge,,,,,,,,,,,,,,,,,,
node,7473206548,POINT (76.7622902 30.7255395),,,hospital,,hospital,,Guru Nanak Multispeciality Hospital,Chandigarh,"Dr.P.N.Chhuttani Memorial IMA Complex, 35B, Sector 35, Chandigarh",160022,Chandigarh,Local Knowledge,,,,,,,,,,,,,,,,,,
node,7473206560,POINT (76.7173534 30.7525838),,,hospital,,,,Kaushal Clinic & Clinical Lab,Chandigarh,"Near Dilshad confectionery, Maloya, Chandigarh",160025,Chandigarh,Local Knowledge,,,,,,,,,,,,,,,,,,
node,7473206562,POINT (76.7820366 30.7606212),,,hospital,,hospital,,Fortis Medcentre Hospital,Chandigarh,"SCO 11, Sector 11D, Sector 11, Chandigarh",160011,Chandigarh,Local Knowledge,,,,,,,,,,,,,,,,,,
node,7473206566,POINT (76.782629 30.740194),,,hospital,,hospital,,Chhuttani Medical Centre - Psychiatrist & De-addiction Centre,Chandigarh,"S.C.O 52 - 53 - 54, Bridge Market, 17C, Sector 17, Chandigarh",160017,Chandigarh,Local Knowledge,,,,,,,,,,,,,,,,,,
node,7473206571,POINT (76.7732467 30.7264061),,,hospital,,hospital,,ARV Othopaedic Hospital,Chandigarh,"House No- 2125, Near Tulasi Das Library, Sector 21C, Chandigarh",160002,Chandigarh,Local Knowledge,,,,,,,,,,,,,,,,,,
node,7473206572,POINT (76.8027108 30.7091481),,,hospital,,hospital,,Eden Hospital,Chandigarh,"Plot No-115, Near Hometel Hotel, Phase 1, Chandigarh",160002,Chandigarh,Local Knowledge,,,,,,,,,,,,,,,,,,
node,7473206590,POINT (76.7849987 30.7313883),,,hospital,,hospital,,Mamta Child Health Care Centre,Chandigarh,"House No, 1204, Sector 18-C, Sector 18, Chandigarh",160018,Chandigarh,Local Knowledge,,,,,,,,,,,,,,,,,,
node,7473206592,POINT (76.7687413 30.7134331),,,hospital,,,,Sarhind Orthopaedic Multispeciality Medical Centre,Chandigarh,"SCO No. 23, Sector, 33D, Sector 33, Chandigarh",160047,Chandigarh,Local Knowledge,,,,,,,,,,,,,,,,,,
node,10816156127,POINT (76.8194157 30.7035222),,,police,,,,Government Railway Police Station,,,,,,,,,,,,,,,,,,,,,,,
node,12597169486,POINT (76.7789014 30.7008456),Chandigarh,Purv Marg,police,,,,Police Station,CHANDIGARH,,160030,,,"PQ2H+9H6, 31C, Sector 31, Chandigarh, 160030",,,,,,,,,,,,,,,,,
node,12597187787,POINT (76.7775151 30.7033952),Chandigarh,Chandi Path,hospital,,hospital,,Air Force Hospital,CHANDIGARH,,160030,,,"PQ3H+835, 31D, Sector 31, Chandigarh, 160030",,,,,,,,,,,,,,,,,
node,12597209820,POINT (76.7751977 30.7042318),Chandigarh,Chandi Path,hospital,,hospital,,Mental Health Institute,CHANDIGARH,,160047,,,"32C, Sector 32, Chandigarh, 160047",,,,,,,,,,,,,,,,,
relation,2082640,"POLYGON ((76.7761572 30.7609595, 76.7756771 30.7606809, 76.7756219 30.7607511, 76.7756128 30.7607458, 76.7752867 30.7611609, 76.775557 30.7613177, 76.775464 30.7614359, 76.7756012 30.7615155, 76.7758221 30.7612344, 76.7759155 30.7612885, 76.7756698 30.7616012, 76.7751754 30.7613144, 76.7750699 30.7614486, 76.7761554 30.7620784, 76.7762727 30.7619291, 76.7758751 30.7616984, 76.776001 30.7615382, 76.7762236 30.7616673, 76.7761449 30.7617674, 76.7763183 30.761868, 76.7763968 30.761768, 76.7765647 30.7618654, 76.7769272 30.7614041, 76.7763519 30.7610704, 76.7764658 30.7609254, 76.7770107 30.7612415, 76.7771381 30.7610794, 76.776987 30.7609917, 76.7770826 30.7608699, 76.777251 30.7609676, 76.7773845 30.7607977, 76.7768121 30.7604655, 76.7768931 30.7603624, 76.7774349 30.7606768, 76.777662 30.7603878, 76.7769466 30.7599728, 76.7769372 30.7599849, 76.7763857 30.7596649, 76.776232 30.7598605, 76.7767626 30.7601684, 76.776607 30.7603664, 76.7764955 30.7603017, 76.7765827 30.7601907, 76.7764793 30.7601307, 76.7763879 30.760247, 76.776077 30.7600667, 76.7759428 30.7602375, 76.7764734 30.7605453, 76.7763617 30.7606874, 76.77625 30.7606226, 76.7761212 30.7607867, 76.7762391 30.7608551, 76.7761572 30.7609595), (76.7775131 30.7604662, 76.7770199 30.7602031, 76.7770524 30.760158, 76.7775457 30.7604211, 76.7775131 30.7604662), (76.7769008 30.7609388, 76.7765833 30.7607585, 76.7766596 30.7606594, 76.776977 30.7608396, 76.7769008 30.7609388), (76.7759484 30.761197, 76.7758803 30.7611531, 76.775998 30.7610183, 76.7760661 30.7610621, 76.7759484 30.761197), (76.7765833 30.7616013, 76.7764019 30.7614941, 76.7764393 30.7614474, 76.7766207 30.7615546, 76.7765833 30.7616013))",,,hospital,,hospital,,Nehru Hospital,,,,,,,,,,,,,,,,,,,,,,yes,multipolygon
relation,2094678,"POLYGON ((76.7967191 30.75686, 76.7970183 30.75705, 76.7972717 30.7567553, 76.7969726 30.7565653, 76.7967191 30.75686), (76.7970769 30.756716, 76.7970427 30.756757, 76.7971161 30.7568021, 76.7969993 30.7569423, 76.7968403 30.7568445, 76.7969913 30.7566633, 76.7970769 30.756716))",,,police,,,,Sector 3 Police Station,,,,,,,,,,,,,,,,,,,,,,yes,multipolygon
way,113779330,"POLYGON ((76.7755871 30.7655021, 76.7757604 30.7654636, 76.7756996 30.7652618, 76.7758904 30.7652194, 76.7758619 30.7651248, 76.7756668 30.7651682, 76.7756013 30.7649506, 76.7754383 30.7649868, 76.7754977 30.7651842, 76.7752634 30.7652363, 76.7752962 30.7653451, 76.7755245 30.7652943, 76.7755871 30.7655021))",,,hospital,,hospital,,Superintended Hospital Engineer Building,,,,,,,,,,,,,,,,,,,,,,,
way,129453616,"POLYGON ((76.7791465 30.7067623, 76.7782185 30.7078953, 76.7793043 30.7085602, 76.77943 30.7087347, 76.7794912 30.7088953, 76.7795009 30.7090837, 76.7794203 30.7092721, 76.7787405 30.7100893, 76.7810893 30.7115187, 76.7831707 30.7092333, 76.7831095 30.7088621, 76.7796233 30.7067041, 76.7791465 30.7067623))",Chandigarh,Sector-32,hospital,yes,hospital,,GMCH SECTOR 32,Chandigarh,"Sector-32, Chandigarh",160030,Chandigarh,OpenGovernmentData,,,0172-2601023,https://gmch.gov.in/,,Government Medical College Hospital,0172-2609360,Opposite CSIO,,District Hospital,dpgmch-chd@gmch.gov.in,government,,1991,Q5513730,"en:Government Medical College and Hospital, Chandigarh",,
way,129453735,"POLYGON ((76.7756722 30.7081513, 76.7785398 30.7099547, 76.7792261 30.7091486, 76.7792519 30.7089962, 76.7792326 30.7088715, 76.7791198 30.708733, 76.7765486 30.7071125, 76.7756722 30.7081513))",,,hospital,,hospital,,,,,,,,,,,,,,,,,,,,,,,,,
way,129453737,"POLYGON ((76.778605 30.7060525, 76.7781056 30.7066371, 76.7785985 30.7069418, 76.7789304 30.7065623, 76.7789562 30.7064431, 76.7789562 30.7063296, 76.7788982 30.7062381, 76.778605 30.7060525))",,,fire_station,,,,,,,,,,,,,,,,,,,,,,,,,,,
way,129475678,"POLYGON ((76.7466393 30.7416514, 76.7474152 30.74211, 76.7475647 30.7419239, 76.7475286 30.7415118, 76.7470131 30.7412194, 76.7466393 30.7416514))",,,fire_station,,,,Fire Station,,,,,,,,,,,,,,,,,,,,,,,
way,129560199,"POLYGON ((76.7964023 30.7114934, 76.7957087 30.7123351, 76.796325 30.7127104, 76.7970186 30.7118688, 76.7964023 30.7114934))",,,police,,,,,,,,,,,,,,,,,,,,,,,,,,,
way,129774350,"POLYGON ((76.7804233 30.7354292, 76.781013 30.7357908, 76.7806754 30.7361976, 76.7800857 30.7358359, 76.7804233 30.7354292))",,,fire_station,,,,Sector 17,,,,,,,,,,,,,,,,,,,,,,,
way,129774478,"POLYGON ((76.7783686 30.7398192, 76.7795283 30.7384345, 76.7788002 30.7379841, 76.7776405 30.7393687, 76.7783686 30.7398192))",,,police,,,,,,,,,,,,,,,,,,,,,,,,,,,
way,129782458,"POLYGON ((76.7791642 30.7518858, 76.7809353 30.7497252, 76.7811807 30.749882, 76.7817545 30.7492093, 76.7827296 30.7498136, 76.7805837 30.7523533, 76.780053 30.7524188, 76.7791642 30.7518858))",Chandigarh,GMSH-16,hospital,yes,hospital,,GMSH Sector-16,Chandigarh,,160016,Chandigarh,OpenGovernmentData,,,,,,,,Near Rose Garden,1722768119,District Hospital,,,,,,,,
way,129790733,"POLYGON ((76.7859138 30.7575629, 76.7862087 30.7572124, 76.7857087 30.7569017, 76.7854137 30.7572522, 76.7859138 30.7575629))",,,fire_station,,,,,,,,,,,,,,,,,,,,,,,,,,,
way,155001233,"POLYGON ((76.7808792 30.7634275, 76.7808522 30.7634622, 76.7809935 30.7635432, 76.7810224 30.763506, 76.7810847 30.7635402, 76.7811909 30.7633971, 76.7811319 30.7633648, 76.7811636 30.7633239, 76.7810223 30.763243, 76.7809887 30.7632863, 76.7809245 30.763251, 76.7808182 30.763394, 76.7808792 30.7634275))",,,hospital,,hospital,,Cancer Hospital,,,,,,,,,,,,,,,,,,,,,,,
way,155001235,"POLYGON ((76.7804214 30.7628728, 76.7801828 30.763176, 76.7805853 30.7634098, 76.7808239 30.7631066, 76.7807792 30.7630806, 76.7808391 30.7629733, 76.7808711 30.7631903, 76.7809513 30.7631731, 76.7809152 30.7629699, 76.7810187 30.7630314, 76.7809656 30.7631017, 76.7812718 30.7632722, 76.781541 30.7629152, 76.7812349 30.7627447, 76.7810891 30.762938, 76.780959 30.7628702, 76.781079 30.7628484, 76.7809915 30.7624935, 76.7808671 30.7625162, 76.7808322 30.7623813, 76.7806792 30.7624105, 76.7807137 30.7625441, 76.7805097 30.7625812, 76.7805971 30.7629361, 76.7807119 30.7629152, 76.7806638 30.7630136, 76.7804214 30.7628728))",,,hospital,,hospital,,New OPD,,,,,,,,,,,,,,,,,,,,,,,
way,798339295,"POLYGON ((76.7638487 30.7200939, 76.7644041 30.7204109, 76.7647029 30.7200497, 76.7641451 30.7197107, 76.7638487 30.7200939))",,,police,,,,Police Station South,,,,,,,,,,,,,,,,,,,,,,yes,
way,1153423420,"POLYGON ((76.7175039 30.7349483, 76.7178553 30.7351281, 76.7181923 30.7346437, 76.7177774 30.7344134, 76.7176272 30.7343612, 76.7175039 30.7349483))",,,hospital,,hospital,,RHTC Palsora,,,,,,,,,,,,,,,,,,,,,,,
way,1360772601,"POLYGON ((76.7744509 30.7042145, 76.7754038 30.704813, 76.7758462 30.7043124, 76.7748835 30.703714, 76.7744509 30.7042145))",Chandigarh,Chandi Path,hospital,,hospital,,Mental Health Institute,CHANDIGARH,,160047,,,"32C, Sector 32, Chandigarh, 160047",,,,,,,,,,,,,,,,,
